number.of.states,birth.rate,iteration,receiver.entropy,proportion,sender.convex,interaction,sender.converged,receiver.eu,sender.eu,sender.convexity,meta.step,receiver.converged,sender.entropy,impairment
30,0.05,0,0.86191286317344673,0.69999999999999996,0,weakest,False,4.5326201027446933,4.600459987896941,1.5078563552709016e-07,1,False,0.72276043863510642,0.0
30,0.05,0,0.88836607989362559,0.29999999999999999,0,weakest,False,4.80718340040971,4.6488903350544648,2.7638030221923064e-10,1,False,0.77601928100764228,0.05
30,0.05,1,0.87774732390181065,0.70549609145449177,0,weakest,False,5.0354778597556855,5.0749258707313434,9.5898197901061033e-09,1,False,0.7497603195995034,0.0
30,0.05,1,0.97605444445400924,0.29450390854550812,0,weakest,False,4.969951189181633,4.8779058302384337,1.716998934330256e-07,1,False,0.96817147338446907,0.05
30,0.05,2,0.86736703593055298,0.72042260463490149,0,weakest,False,5.4542859876974195,5.4672099180843929,2.3263852339733995e-08,1,False,0.71889367508030877,0.0
30,0.05,2,0.97712022451509528,0.2795773953650984,0,weakest,False,5.0920501939365392,5.0610903930317868,5.8029777177637805e-07,1,False,0.95515684700982828,0.05
30,0.05,3,0.84254507921724697,0.74564634824401088,0,weakest,False,6.0775044072302329,6.0653443327892038,1.2361628327887155e-07,1,False,0.62332689161186483,0.0
30,0.05,3,0.96754695156218185,0.25435365175598912,0,weakest,False,5.3211330462417443,5.3524674554128451,3.6359996076067373e-06,1,False,0.90173999387925685,0.05
30,0.05,4,0.80371040666101001,0.77722238569039892,0,weakest,False,6.9137549311403843,6.890690654582408,9.8369216798190819e-07,1,False,0.53781096261483607,0.0
30,0.05,4,0.94199397695447928,0.22277761430960108,0,weakest,False,5.7659547129213102,5.833568421124891,3.7718605950285737e-05,1,False,0.78467730005663205,0.05
30,0.05,5,0.76616831274186059,0.81050310999831099,0,weakest,False,7.7152475186874065,7.7178145286582058,1.2062119760710993e-06,1,False,0.40918843384504688,0.0
30,0.05,5,0.89559372338882282,0.18949689000168904,0,weakest,False,6.2987173033665158,6.2897615668587017,0.00020200229600029164,1,False,0.61175641656685609,0.05
30,0.05,6,0.73543260817206335,0.84539100449159066,0,weakest,False,8.2763601738023382,8.3160037717768134,1.2025116764559351e-07,1,False,0.31754715336005152,0.0
30,0.05,6,0.85164972712421771,0.15460899550840934,0,weakest,False,6.5742321432785298,6.404671263152478,0.00068569029993419529,1,False,0.47013630103164672,0.05
30,0.05,7,0.71909525139391817,0.88199947284983315,0,weakest,False,8.6067440852733732,8.6745019132869068,4.5266779471912651e-08,1,False,0.28208667880434107,0.0
30,0.05,7,0.81526558523454529,0.11800052715016686,0,weakest,False,6.5062147777824242,6.1357197875125014,0.0013489851484158762,1,False,0.42486950289959707,0.05
30,0.05,8,0.70511462888997356,0.9174567867901342,0,weakest,False,8.8544048051337345,8.9401302595145609,1.8577421794376988e-07,1,False,0.23955580262816742,0.0
30,0.05,8,0.79344083282797562,0.082543213209865809,0,weakest,False,6.3036240234754972,5.6628658217983121,0.0071418384059932791,1,False,0.38426550406281024,0.05
30,0.05,9,0.70091391267148451,0.94804318878300387,0,weakest,False,9.0900251803859859,9.1759829303291323,2.7344224258691244e-07,1,False,0.24183219484395571,0.0
30,0.05,9,0.77644466546145618,0.051956811216996156,0,weakest,False,6.041001685930981,5.0855927795434663,0.034004462276240134,1,False,0.36052654751236468,0.05
30,0.05,10,0.69109954389868489,0.9710849003884372,0,weakest,False,9.2954087970897028,9.3640475002863557,4.8476249833902593e-08,1,False,0.20634177775922413,0.0
30,0.05,10,0.77601844877034454,0.028915099611562786,1,weakest,False,5.6952147253374994,4.442781145826407,0.17757521381167299,1,False,0.30218912609189724,0.05
30,0.05,11,0.68485835928054506,0.98553538090925363,0,weakest,False,9.4815956472363414,9.5225458540797803,1.1462878581916102e-06,1,False,0.21095443841880604,0.0
30,0.05,11,0.78291510116649843,0.014464619090746427,1,weakest,False,5.3712980462064666,3.9960260233653329,0.31006646778476493,1,False,0.26601146169775275,0.05
30,0.05,12,0.67679076491785106,0.99332256765014415,0,weakest,False,9.6358641492300769,9.6556329100985661,3.2955453610284833e-06,1,False,0.17303063017620596,0.0
30,0.05,12,0.77658129862210701,0.0066774323498558419,1,weakest,False,5.0914098851276108,3.7444809995205008,0.31941677742086505,1,False,0.26771647074573668,0.05
30,0.05,13,0.67258363721525094,0.99709306063202285,0,weakest,False,9.7337994868005477,9.7422086872784419,1.0650316450158457e-06,1,False,0.17721175250334509,0.0
30,0.05,13,0.77747846955856703,0.0029069393679771434,1,weakest,False,4.8487599074645358,3.5978226949344148,0.40475106911009578,1,False,0.22592586435715714,0.05
30,0.05,14,0.66943044597680745,0.99879403128775512,0,weakest,False,9.7824264195082371,9.7858996518384256,2.5500712252516125e-06,1,False,0.18121137246733154,0.0
30,0.05,14,0.77298549128780958,0.0012059687122448321,1,weakest,False,4.6477982703165095,3.4564642189278563,0.41280228610242214,1,False,0.22718845104775032,0.05
30,0.05,15,0.66450086249243312,0.99951885217666947,0,weakest,False,9.8220851303333898,9.8234132347972363,2.2913488311460342e-06,1,False,0.1939943891334116,0.0
30,0.05,15,0.78767397314683762,0.00048114782333050595,1,weakest,False,4.4661345239566748,3.3661865751026552,0.40166794215503393,1,False,0.22951320721734647,0.05
30,0.05,16,0.66812859481194742,0.99981506527007258,0,weakest,False,9.8391305972298575,9.8395995623335999,1.4405581811158753e-05,1,False,0.22081121943943527,0.0
30,0.05,16,0.78139338103329337,0.00018493472992737805,1,weakest,False,4.267858762378645,3.2936478453280311,0.34169176324712741,1,False,0.25777099641423062,0.05
30,0.05,17,0.66573148123987569,0.99993224875312636,0,weakest,False,9.8608102473159089,9.860956478155174,3.1046793981207306e-05,1,False,0.20629558632586237,0.0
30,0.05,17,0.78211349314448619,6.7751246873737038e-05,1,weakest,False,4.0074179001561463,3.216848188546698,0.37588536054774369,1,False,0.24236167374032688,0.05
30,0.05,18,0.66225923128979158,0.99997633990075296,0,weakest,False,9.8753510390116972,9.8753937639219718,0.00016083217453706798,1,False,0.22079424696095154,0.0
30,0.05,18,0.78995326457749204,2.3660099246985566e-05,1,weakest,False,3.763812600492813,3.1332409493453346,0.42518300094688305,1,False,0.21966476256916975,0.05
30,0.05,19,0.65021320494515278,0.99999212517264036,0,weakest,False,9.9010390391456831,9.9010512857847086,0.00013300815190797545,1,False,0.22629372727685954,0.0
30,0.05,19,0.78451727104109892,7.8748273596746603e-06,1,weakest,False,3.55412563233793,3.0365306239156209,0.38394013192247328,1,False,0.23856126941946293,0.05
30,0.05,20,0.65750131416905711,0.99999745620979408,0,weakest,False,9.9220269699703234,9.9220304599993092,0.00039812437198555453,1,False,0.1927153894018587,0.0
30,0.05,20,0.78820810279712994,2.5437902059026411e-06,1,weakest,False,3.4266688567847243,2.9834843470143588,0.37936033841799616,1,False,0.24040571634383126,0.05
30,0.05,21,0.65414298117474601,0.99999919813585947,0,weakest,False,9.924226376246434,9.9242273461103689,0.00039456763131243502,1,False,0.20137065782960234,0.0
30,0.05,21,0.78899425735193329,8.018641405256815e-07,1,weakest,False,3.3189838119521635,2.9377175165635245,0.40457311092065301,1,False,0.23078677720391855,0.05
30,0.05,22,0.65186358712225656,0.99999975933826823,0,weakest,False,9.944259998673898,9.9442602475281809,0.00054742265172277361,1,False,0.20905444009203097,0.0
30,0.05,22,0.78396343813504399,2.4066173170176719e-07,1,weakest,False,3.1397196018329048,2.829375155485633,0.41451646429841776,1,False,0.22514146388844247,0.05
30,0.05,23,0.64740819133950989,0.99999993081690541,0,weakest,False,9.9457408561118967,9.9457409183900367,0.0013367904482704371,1,False,0.23502123176451784,0.0
30,0.05,23,0.78865582301061588,6.9183094666720678e-08,1,weakest,False,2.9884937359838428,2.7297150583873329,0.4016341586474414,1,False,0.22910198909775217,0.05
30,0.05,24,0.65015898592163746,0.99999998123056322,0,weakest,False,9.9666671711718937,9.9666671799676383,0.0050473302707485027,1,False,0.22288142555745391,0.0
30,0.05,24,0.7915315016028881,1.8769436794807199e-08,1,weakest,False,2.7675343676312134,2.6403971820368977,0.36942800615923865,1,False,0.24225708216792308,0.05
30,0.05,25,0.64152433024790179,0.99999999510278204,0,weakest,False,9.9618722401598703,9.961872240976712,0.012287873176686927,1,False,0.23045136107833053,0.0
30,0.05,25,0.78419091523768902,4.8972179456045458e-09,1,weakest,False,2.6209566287102253,2.5774368409398951,0.39369413090719574,1,False,0.23313932525011682,0.05
30,0.05,26,0.64882933939541609,0.99999999879123547,0,weakest,False,9.9840271066763737,9.9840271061904708,0.041463537718149271,1,False,0.23499952310347874,0.0
30,0.05,26,0.78461221501216383,1.2087645344044313e-09,1,weakest,False,2.4147151244122833,2.5139353732064911,0.4080811767265658,1,False,0.22878355837456385,0.05
30,0.05,27,0.64090381397959051,0.99999999971373899,0,weakest,False,9.9762170915718578,9.976217091422086,0.06912746372660436,1,False,0.24416536703010783,0.0
30,0.05,27,0.7856914677835255,2.8626103585613112e-10,1,weakest,False,2.3006267122210198,2.4245321663196275,0.3996648176139751,1,False,0.23246872397625629,0.05
30,0.05,28,0.64314354266501017,0.99999999993567801,0,weakest,False,10.000107806421132,10.000107806385408,0.14451736050971331,1,False,0.22451103593481697,0.0
30,0.05,28,0.79121043277201453,6.4322030985864395e-11,1,weakest,False,2.1845987782502303,2.3093921144954468,0.40287959974191517,1,False,0.23075767202899672,0.05
30,0.05,29,0.6459121015831647,0.99999999998619837,1,weakest,False,10.010073583589659,10.010073583574989,0.28399893761673917,1,False,0.20965993508620195,0.0
30,0.05,29,0.79096986269073988,1.3801561585986911e-11,1,weakest,False,2.0338363752712527,2.2618814346173628,0.38346457248075511,1,False,0.23538731060714224,0.05
30,0.05,30,0.64588019811892539,0.99999999999718692,1,weakest,False,10.013505555036176,10.013505555032689,0.34034711253065891,1,False,0.23002618782616518,0.0
30,0.05,30,0.79345789801842348,2.8130665287141785e-12,1,weakest,False,1.9146516342153297,2.1673005617233825,0.41873228871791618,1,False,0.22272990622993499,0.05
30,0.05,31,0.64876966632561328,0.99999999999944467,1,weakest,False,10.014690941999351,10.014690941998603,0.42921163853362559,1,False,0.19846411308194131,0.0
30,0.05,31,0.79143745673093846,5.5529592604053024e-13,1,weakest,False,1.8441132022525342,2.1096625253171952,0.32746307926765744,1,False,0.26480049528907729,0.05
30,0.05,32,0.65044368248815221,0.99999999999989464,1,weakest,False,10.012831322358695,10.012831322358551,0.49650403810953481,1,False,0.17862534748329129,0.0
30,0.05,32,0.79488545591965953,1.0541241529441165e-13,1,weakest,False,1.7709609985714654,2.0305318059979225,0.43415148948486659,1,False,0.21824859960848941,0.05
30,0.05,33,0.65166399886285087,0.99999999999998068,1,weakest,False,10.010821599541085,10.01082159954106,0.54110804734822548,1,False,0.16420596639133073,0.0
30,0.05,33,0.79751204333143855,1.9323877260256385e-14,1,weakest,False,1.722501906047466,1.947803670834501,0.416639036040646,1,False,0.2255128999395476,0.05
30,0.05,34,0.64272297951373658,0.99999999999999656,1,weakest,False,10.015570566590593,10.01557056659059,0.47890783687744243,1,False,0.18501058480832588,0.0
30,0.05,34,0.79168638385243184,3.4438492455631961e-15,1,weakest,False,1.6945286693188526,1.87536723460284,0.38614252656382858,1,False,0.23792619474754059,0.05
30,0.05,35,0.64547487940381443,0.99999999999999933,1,weakest,False,10.025171713345332,10.02517171334533,0.51851019853315994,1,False,0.17437523842915462,0.0
30,0.05,35,0.79303004483591888,6.0306169746933084e-16,1,weakest,False,1.6623226376573161,1.8487468893613253,0.42035002064770871,1,False,0.22092321049073754,0.05
30,0.05,36,0.6491491533612791,0.99999999999999989,1,weakest,False,10.034619052257325,10.034619052257325,0.39663284126344045,1,False,0.22291577545843447,0.0
30,0.05,36,0.79338734783681641,1.0403174328013571e-16,1,weakest,False,1.6466377270768642,1.8154256655712206,0.37663260188370118,1,False,0.2398074046753928,0.05
30,0.05,37,0.64645112594211585,1.0,1,weakest,False,10.023771370277904,10.023771370277904,0.41736434006093476,1,False,0.21548922052523981,0.0
30,0.05,37,0.79108570464129491,1.7428290696955304e-17,1,weakest,False,1.6163661067026365,1.7421703517434801,0.41687964903144642,1,False,0.22293183848156697,0.05
30,0.05,38,0.65197609478140139,1.0,1,weakest,False,10.034054477229159,10.034054477229159,0.44035036384406179,1,False,0.20592006522309708,0.0
30,0.05,38,0.79505931740524038,2.8245936833757438e-18,1,weakest,False,1.5470724554783744,1.7053551506299993,0.36570259951360634,1,False,0.24572359153263834,0.05
30,0.05,39,0.64930477833721734,1.0,1,weakest,False,10.030698312891325,10.030698312891325,0.4981791598691544,1,False,0.18491531946378884,0.0
30,0.05,39,0.79913664252557792,4.5357385125477935e-19,1,weakest,False,1.5447642063816094,1.6766991080272209,0.36378165329517215,1,False,0.24693270955751753,0.05
30,0.05,40,0.64533762718910659,1.0,1,weakest,False,10.043974956661888,10.043974956661888,0.48172775914711391,1,False,0.19348896003385743,0.0
30,0.05,40,0.79657592266569088,7.0898312218744136e-20,1,weakest,False,1.5054107981451983,1.6345447809724514,0.43054205375260546,1,False,0.21503682178587188,0.05
30,0.05,41,0.64618426183808697,1.0,1,weakest,False,10.038396415034526,10.038396415034526,0.44891481647228004,1,False,0.2061615570840136,0.0
30,0.05,41,0.79537948506898504,1.0842094329412292e-20,1,weakest,False,1.4653153835391033,1.6049196458094255,0.35190318799810855,1,False,0.2527501623390716,0.05
30,0.05,42,0.65092428451295059,1.0,1,weakest,False,10.040868776220956,10.040868776220956,0.47663082071853741,1,False,0.19754979932462241,0.0
30,0.05,42,0.79470894997738417,1.6270386120543995e-21,1,weakest,False,1.4447299412053944,1.5688725420647287,0.34799127906894711,1,False,0.25525923884479701,0.05
30,0.05,43,0.64376553113679746,1.0,1,weakest,False,10.036347091057888,10.036347091057888,0.4486265751845756,1,False,0.20426195342864942,0.0
30,0.05,43,0.79631181325907874,2.4099708630693572e-22,1,weakest,False,1.431500763643778,1.5416682665072674,0.36471843212430782,1,False,0.24520579905106482,0.05
30,0.05,44,0.65126147616822649,1.0,1,weakest,False,10.042821536300519,10.042821536300519,0.49390197975724531,1,False,0.19096586309789393,0.0
30,0.05,44,0.79434522534519847,3.4118814237158089e-23,1,weakest,False,1.3747135484813726,1.4688823444379921,0.40207837919647488,1,False,0.23067720584540202,0.05
30,0.05,45,0.65254246644503677,1.0,1,weakest,False,10.039487398772318,10.039487398772318,0.49013215332894283,1,False,0.19327546116712266,0.0
30,0.05,45,0.79171709634396059,4.748489847306475e-24,1,weakest,False,1.3639825619154762,1.4305110364764999,0.39921682957349569,1,False,0.2319588326926082,0.05
30,0.05,46,0.65335449482708585,1.0,1,weakest,False,10.044239497395886,10.044239497395886,0.4852659900693958,1,False,0.19284250457116503,0.0
30,0.05,46,0.79141710366696105,6.3951062146263143e-25,1,weakest,False,1.3178380378336716,1.3876106625537787,0.36914648554230273,1,False,0.24421430074591596,0.05
30,0.05,47,0.6474654882276254,1.0,1,weakest,False,10.043956205820272,10.043956205820272,0.5215693389388405,1,False,0.1804887838509269,0.0
30,0.05,47,0.79469212097397279,8.3085857932260134e-26,1,weakest,False,1.2760931324727702,1.3337484882528017,0.35190288711821199,1,False,0.25206937562422255,0.05
30,0.05,48,0.65480615437824619,1.0,1,weakest,False,10.04885576386117,10.04885576386117,0.51307969136449827,1,False,0.18427645879988977,0.0
30,0.05,48,0.8000685515262641,1.0582175479861717e-26,1,weakest,False,1.2624765401110123,1.2972552292039705,0.4141052501416887,1,False,0.22553654263057119,0.05
30,0.05,49,0.65564265053645598,1.0,1,weakest,False,10.050971570880222,10.050971570880222,0.46320663977170756,1,False,0.20050288198185617,0.0
30,0.05,49,0.79075558266288803,1.3096615764764072e-27,1,weakest,False,1.2222049958817749,1.2656334070418844,0.42777371239592427,1,False,0.21785618969086623,0.05
30,0.05,50,0.65591530743261772,1.0,1,weakest,False,10.042631707449075,10.042631707449075,0.47565258955726297,1,False,0.19342697505125431,0.0
30,0.05,50,0.78662974827773102,1.575950900088598e-28,1,weakest,False,1.1918256460951491,1.2250879692823078,0.42547630311057716,1,False,0.21907004931780344,0.05
30,0.05,51,0.65675350200802607,1.0,1,weakest,False,10.047597073623386,10.047597073623386,0.55977839055862133,1,False,0.16325990532884055,0.0
30,0.05,51,0.78541842461121847,1.8826356971840767e-29,1,weakest,False,1.188532079414818,1.2120458726853678,0.39238651254561679,1,False,0.23457798548746428,0.05
30,0.05,52,0.65821542578498204,1.0,1,weakest,False,10.050747120110465,10.050747120110465,0.46734184356752556,1,False,0.19477433604373948,0.0
30,0.05,52,0.79598437222765073,2.1831343733517435e-30,1,weakest,False,1.1569939751363092,1.1740073490815208,0.39831510794854574,1,False,0.22824615463246564,0.05
30,0.05,53,0.65810886897338927,1.0,1,weakest,False,10.045064441372235,10.045064441372235,0.39856461825304984,1,False,0.22280063470736339,0.0
30,0.05,53,0.78580722050311025,2.470475946486446e-31,1,weakest,False,1.1263077206666778,1.1471290760996637,0.42078097299705797,1,False,0.22308593723863915,0.05
30,0.05,54,0.65505506394917967,1.0,1,weakest,False,10.04214151495351,10.04214151495351,0.3969645715561283,1,False,0.22025216030363157,0.0
30,0.05,54,0.78642046550184064,2.7816622475977222e-32,1,weakest,False,1.1277468373280091,1.1336672822393541,0.35675187359329058,1,False,0.25035399567084854,0.05
30,0.05,55,0.65526525765026389,1.0,1,weakest,False,10.053624973296856,10.053624973296856,0.48770759249859613,1,False,0.18201280367853295,0.0
30,0.05,55,0.79488107742776193,3.0170664520228282e-33,1,weakest,False,1.097135181311103,1.083751779666875,0.3762281583915677,1,False,0.24078064863229687,0.05
30,0.05,56,0.64319879458501872,1.0,1,weakest,False,10.065668012189432,10.065668012189432,0.49930697858300827,1,False,0.17566629014751986,0.0
30,0.05,56,0.79839998190246786,3.179462589850246e-34,1,weakest,False,1.077250657285449,1.0442415534778582,0.40558387212817637,1,False,0.22711302604706143,0.05
30,0.05,57,0.64772930490573777,1.0,1,weakest,False,10.082661787950007,10.082661787950007,0.47657489742301634,1,False,0.1786836330766923,0.0
30,0.05,57,0.79089476735955633,3.2209658646740422e-35,1,weakest,False,1.0410635375364865,1.0017917266023468,0.36206314353940205,1,False,0.24635647676344857,0.05
30,0.05,58,0.65527919264123946,1.0,1,weakest,False,10.069111651643659,10.069111651643659,0.52631368563317038,1,False,0.15949869008892537,0.0
30,0.05,58,0.78632092898532735,3.1605451285640288e-36,1,weakest,False,1.0160866025332393,0.95995928659574747,0.35673605566608774,1,False,0.24693530094706512,0.05
30,0.05,59,0.65298259629054922,1.0,1,weakest,False,10.066825642798525,10.066825642798525,0.4017005673532324,1,False,0.21062861911163611,0.0
30,0.05,59,0.7882473504984111,2.9891072457383419e-37,1,weakest,False,0.98807597810440517,0.91607790968679126,0.34961308405209646,1,False,0.25350320983604785,0.05
30,0.05,60,0.65310390921071793,1.0,1,weakest,False,10.067630076829085,10.067630076829085,0.42868382600006211,1,False,0.19892308444684786,0.0
30,0.05,60,0.79257579039984416,2.8291608485477769e-38,1,weakest,False,0.9969779726514999,0.90880475840546471,0.36783755053145717,1,False,0.24539229148169123,0.05
30,0.05,61,0.65404260707821449,1.0,1,weakest,False,10.057558700254406,10.057558700254406,0.50114893449796627,1,False,0.16690621512677004,0.0
30,0.05,61,0.79417120124715046,2.6867816405944233e-39,1,weakest,False,1.0018524273908147,0.9084287840090266,0.37691197352887634,1,False,0.24118448550230587,0.05
30,0.05,62,0.64925932109888118,1.0,1,weakest,False,10.061580329623068,10.061580329623068,0.4138892147371277,1,False,0.19657448597216026,0.0
30,0.05,62,0.78886777619798054,2.5138964626673343e-40,1,weakest,False,1.0001323318058526,0.8826981012535805,0.39766616270806493,1,False,0.22919665304890316,0.05
30,0.05,63,0.65077618961921624,1.0,1,weakest,False,10.070356540477894,10.070356540477894,0.50813217131137833,1,False,0.15966317900523078,0.0
30,0.05,63,0.7925704675059061,2.2707149954345319e-41,1,weakest,False,0.97599200795799301,0.84324835817647825,0.40726087073634859,1,False,0.22459014920139528,0.05
30,0.05,64,0.65760450309792928,1.0,1,weakest,False,10.076400205410783,10.076400205410783,0.44486908626258836,1,False,0.18825570455124016,0.0
30,0.05,64,0.78982122212511152,2.035720662961385e-42,1,weakest,False,0.95926407038257655,0.84745638089957021,0.3387176387713372,1,False,0.25949209019959685,0.05
30,0.05,65,0.65664100806735182,1.0,1,weakest,False,10.061448868589151,10.061448868589151,0.46468361236365258,1,False,0.18318024930500634,0.0
30,0.05,65,0.79444285536288817,1.8159415144781731e-43,1,weakest,False,0.96766111182589076,0.82737914381423816,0.3706330867723911,1,False,0.24569926471098708,0.05
30,0.05,66,0.65513033475198745,1.0,1,weakest,False,10.067471127384399,10.067471127384399,0.46512942494875553,1,False,0.17870156515016708,0.0
30,0.05,66,0.78931220692770399,1.5942171297498706e-44,1,weakest,False,0.95882988437973371,0.80881899600290186,0.40162748049188524,1,False,0.23061752281677611,0.05
30,0.05,67,0.66344787647532388,1.0,1,weakest,False,10.060029537309049,10.060029537309049,0.40296727808889393,1,False,0.20548743982951911,0.0
30,0.05,67,0.7928523367494994,1.3811730089704178e-45,1,weakest,False,0.95077241614631525,0.79235792752982581,0.37423749326100753,1,False,0.24607435759374474,0.05
30,0.05,68,0.66695341503814742,1.0,1,weakest,False,10.045953281281564,10.045953281281564,0.48536489716443665,1,False,0.1737870151768901,0.0
30,0.05,68,0.79473869805975172,1.2053356949909508e-46,1,weakest,False,0.95480557472312555,0.79859475984705053,0.40222387790696851,1,False,0.23187577605165735,0.05
30,0.05,69,0.66492269562556194,1.0,1,weakest,False,10.046558531030721,10.046558531030721,0.44028114870888851,1,False,0.19215023965859787,0.0
30,0.05,69,0.79993853074947141,1.043904479660734e-47,1,weakest,False,0.95353999335081419,0.78666358633251532,0.39135684497280065,1,False,0.23509049023488746,0.05
30,0.05,70,0.66053517640695381,1.0,1,weakest,False,10.052122877587674,10.052122877587674,0.53960686912708644,1,False,0.15423500087279599,0.0
30,0.05,70,0.79459565048191982,8.834088788502416e-49,1,weakest,False,0.93578376483705505,0.76554710870045695,0.38730887954430115,1,False,0.23653899835878239,0.05
30,0.05,71,0.66215645917819088,1.0,1,weakest,False,10.065610599767997,10.065610599767997,0.48440243450946341,1,False,0.16805491987378815,0.0
30,0.05,71,0.79358800240694305,7.3532934790290147e-50,1,weakest,False,0.91422493831627716,0.76145187584593776,0.33579671526377708,1,False,0.26210114064066231,0.05
30,0.05,72,0.65302032126216758,1.0,1,weakest,False,10.066095976512756,10.066095976512756,0.38219419262006243,1,False,0.20861951850466304,0.0
30,0.05,72,0.7963883100716922,6.2231031105832907e-51,1,weakest,False,0.93587603951572063,0.76791433309805512,0.37773771738157969,1,False,0.24043791790687455,0.05
30,0.05,73,0.65625838714032225,1.0,1,weakest,False,10.075649497563285,10.075649497563285,0.45738081794946267,1,False,0.17462920623757355,0.0
30,0.05,73,0.78961578389617915,5.2191235358375983e-52,1,weakest,False,0.92875119207917167,0.76127574455160918,0.34077427823722828,1,False,0.25648386526903227,0.05
30,0.05,74,0.65392002458582499,1.0,1,weakest,False,10.07194822804539,10.07194822804539,0.42832366924679383,1,False,0.19024811798207061,0.0
30,0.05,74,0.79416352341237595,4.2987913308207225e-53,1,weakest,False,0.92211246182028428,0.73706281655327288,0.40137043154565422,1,False,0.22897615510129879,0.05
30,0.05,75,0.65280145665703915,1.0,1,weakest,False,10.072628281113202,10.072628281113202,0.46554537962745318,1,False,0.17611773143913276,0.0
30,0.05,75,0.78855428345177858,3.4742867364951135e-54,1,weakest,False,0.91185451595406486,0.71628679845748677,0.4064911959791227,1,False,0.22746050546704275,0.05
30,0.05,76,0.65209163899736144,1.0,1,weakest,False,10.077215755148758,10.077215755148758,0.47513997433376498,1,False,0.17724176265868913,0.0
30,0.05,76,0.79492394469175098,2.8343896483078812e-55,1,weakest,False,0.93256555218899184,0.71167156388583419,0.34322456767745968,1,False,0.2559298932423919,0.05
30,0.05,77,0.65863447826658317,1.0,1,weakest,False,10.073042412785323,10.073042412785323,0.45814898198904752,1,False,0.18456316338949841,0.0
30,0.05,77,0.79959118813235663,2.2882585520857786e-56,1,weakest,False,0.92970372399613477,0.69672935730864405,0.4055228955403668,1,False,0.22636627942710133,0.05
30,0.05,78,0.6594499746158371,1.0,1,weakest,False,10.072784432363692,10.072784432363692,0.52223436838086867,1,False,0.15979846276507281,0.0
30,0.05,78,0.79404595681861712,1.8365195677578113e-57,1,weakest,False,0.92199763449597105,0.69485337169650763,0.37126109835446863,1,False,0.24165776105924403,0.05
30,0.05,79,0.65602912438666183,1.0,1,weakest,False,10.082036914285519,10.082036914285519,0.47555915410214167,1,False,0.1755037537966995,0.0
30,0.05,79,0.79841417693030992,1.4535272854752128e-58,1,weakest,False,0.90416273632962307,0.6917381193278942,0.3863118670492291,1,False,0.23398164720277578,0.05
30,0.05,80,0.65278834095173144,1.0,1,weakest,False,10.074147492042453,10.074147492042453,0.46494314759444316,1,False,0.17790342068126483,0.0
30,0.05,80,0.79406709354573946,1.1332044850832968e-59,1,weakest,False,0.8893618123345729,0.68144724442707039,0.38820886322716647,1,False,0.2354856375932754,0.05
30,0.05,81,0.65110193309023379,1.0,1,weakest,False,10.082730522609999,10.082730522609999,0.43760841898784336,1,False,0.18709862020411469,0.0
30,0.05,81,0.7971310531248964,8.8087816110182078e-61,1,weakest,False,0.89949640677866771,0.6680330618307061,0.39904348886028346,1,False,0.23420530832704248,0.05
30,0.05,82,0.65338289448475595,1.0,1,weakest,False,10.08747431253782,10.08747431253782,0.44394954941248788,1,False,0.19154757973176886,0.0
30,0.05,82,0.79167708302559558,6.8167651028469824e-62,1,weakest,False,0.88884529329981443,0.67241359370816389,0.40232158497194181,1,False,0.22920018765814393,0.05
30,0.05,83,0.65191965831130805,1.0,1,weakest,False,10.090345847655477,10.090345847655477,0.47255957285009081,1,False,0.18279808115646667,0.0
30,0.05,83,0.80188853317190778,5.2025264554034837e-63,1,weakest,False,0.8841103836097669,0.65607151864395608,0.35745644224800166,1,False,0.25273599491334914,0.05
30,0.05,84,0.6527965269629562,1.0,1,weakest,False,10.082664605090391,10.082664605090391,0.51046637342418399,1,False,0.17081026289202764,0.0
30,0.05,84,0.79123455957624611,3.9191802792086042e-64,1,weakest,False,0.86343775523342114,0.65566188302416872,0.38985649994594956,1,False,0.23523167039231016,0.05
30,0.05,85,0.65301363586307692,1.0,1,weakest,False,10.085647441445621,10.085647441445621,0.50521908533688165,1,False,0.16787204394920849,0.0
30,0.05,85,0.79130650157619253,2.9063622105270216e-65,1,weakest,False,0.8555227744142796,0.64032801601861911,0.39676821499391857,1,False,0.22892608074418133,0.05
30,0.05,86,0.6574321975076356,1.0,1,weakest,False,10.090492131551345,10.090492131551345,0.48842841953534027,1,False,0.17360114390666426,0.0
30,0.05,86,0.79665595690278646,2.1186049082608022e-66,1,weakest,False,0.83436625178792145,0.63673504998651709,0.37573612599113587,1,False,0.24271064608828158,0.05
30,0.05,87,0.65461018095456158,1.0,1,weakest,False,10.084071102921978,10.084071102921978,0.49606801103451781,1,False,0.16813263378829538,0.0
30,0.05,87,0.790916068990132,1.5172872442949809e-67,1,weakest,False,0.83353612219802387,0.61085139860570292,0.45688653051665423,1,False,0.20744036303594074,0.05
30,0.05,88,0.65035499943983166,1.0,1,weakest,False,10.090033890217924,10.090033890217924,0.50225458383891142,1,False,0.17236816937064747,0.0
30,0.05,88,0.79939520884220772,1.0760978378762078e-68,1,weakest,False,0.84562029676906614,0.58560028380153761,0.40807374985321526,1,False,0.22960225425732289,0.05
30,0.05,89,0.65618968929601684,1.0,1,weakest,False,10.085102908937678,10.085102908937678,0.48250835658734686,1,False,0.17786618534103693,0.0
30,0.05,89,0.79588148685869053,7.6123500550082527e-70,1,weakest,False,0.83432208389722806,0.59252463916899267,0.39777839708618123,1,False,0.23041241981017252,0.05
30,0.05,90,0.65071085687692276,1.0,1,weakest,False,10.093246289868892,10.093246289868892,0.47790971067554577,1,False,0.17515195227512301,0.0
30,0.05,90,0.79624120330146764,5.3113522720276452e-71,1,weakest,False,0.82549470678094583,0.58297406374176308,0.40071436604800387,1,False,0.22965159970409604,0.05
30,0.05,91,0.64476729837640234,1.0,1,weakest,False,10.097605373291298,10.097605373291298,0.44919686991297947,1,False,0.19208113565733639,0.0
30,0.05,91,0.79408349464365302,3.706210245289252e-72,1,weakest,False,0.83460139542896628,0.5746008781416847,0.40161171817109076,1,False,0.2319930382737177,0.05
30,0.05,92,0.64774613294026417,1.0,1,weakest,False,10.096732857758919,10.096732857758919,0.46983041404926185,1,False,0.18269240180368065,0.0
30,0.05,92,0.7919547638342791,2.6123789071055694e-73,1,weakest,False,0.84814147170594301,0.57522580659753486,0.41706195185816414,1,False,0.22423867433750402,0.05
30,0.05,93,0.6492789055191458,1.0,1,weakest,False,10.098117969872703,10.098117969872703,0.52803934260334906,1,False,0.16336505713159258,0.0
30,0.05,93,0.79463748984736571,1.8415293370231343e-74,1,weakest,False,0.83783696125590623,0.58584475962009175,0.4051862942017988,1,False,0.22986347897712842,0.05
30,0.05,94,0.65412050927991616,1.0,1,weakest,False,10.091606172467905,10.091606172467905,0.53047887430209828,1,False,0.16354735641331625,0.0
30,0.05,94,0.78415616472258576,1.2765494858289722e-75,1,weakest,False,0.82686618457948335,0.57223557412256121,0.36272505310855241,1,False,0.24727245748212615,0.05
30,0.05,95,0.66039920630187554,1.0,1,weakest,False,10.073592030590119,10.073592030590119,0.50629559773963972,1,False,0.17402235522780063,0.0
30,0.05,95,0.79725699946979223,8.875178384313706e-77,1,weakest,False,0.80669187829670863,0.59403605641754986,0.39243119104203544,1,False,0.2340500021350134,0.05
30,0.05,96,0.65827736916008839,1.0,1,weakest,False,10.069707536252773,10.069707536252773,0.43951869673671029,1,False,0.2019614887644802,0.0
30,0.05,96,0.80104162408979385,6.1040183890456966e-78,1,weakest,False,0.8035365336319491,0.5815777099811259,0.41468460861411599,1,False,0.22439310818571642,0.05
30,0.05,97,0.66281084615031982,1.0,1,weakest,False,10.064621812081732,10.064621812081732,0.51267874378794254,1,False,0.17073931580699073,0.0
30,0.05,97,0.79536982114436972,4.2255612817527065e-79,1,weakest,False,0.82220156230339647,0.57126331719102075,0.36273434171440028,1,False,0.24717351753935396,0.05
30,0.05,98,0.66539510861441287,1.0,1,weakest,False,10.069306164057624,10.069306164057624,0.52185418234741099,1,False,0.16710364864957888,0.0
30,0.05,98,0.79293422708925598,2.9564497634725156e-80,1,weakest,False,0.82724066732321477,0.58177441219363246,0.36901253929340921,1,False,0.24321760701285955,0.05
30,0.05,99,0.65826015689121531,1.0,1,weakest,False,10.070350708969338,10.070350708969338,0.4592731611990285,1,False,0.18989284947709162,0.0
30,0.05,99,0.79566160527458285,2.0485563340879788e-81,1,weakest,False,0.81098671302908865,0.58458448768807103,0.3534387702871406,1,False,0.25092324531928784,0.05
30,0.05,100,0.65757492064790746,1.0,1,weakest,False,10.071107193840575,10.071107193840575,0.39120104522464549,1,False,0.21912075229549818,0.0
30,0.05,100,0.79474917112801224,1.4219327290219403e-82,1,weakest,False,0.80773787230518523,0.59036250678794921,0.39631302599991231,1,False,0.23082772539552887,0.05
30,0.05,101,0.65775907618411877,1.0,1,weakest,False,10.065933170578555,10.065933170578555,0.53700444189422758,1,False,0.15893158184200443,0.0
30,0.05,101,0.79068232773193892,9.7349413762345248e-84,1,weakest,False,0.80892136356891764,0.56936141047031419,0.35731223913797461,1,False,0.25115960186195146,0.05
30,0.05,102,0.6588359310069859,1.0,1,weakest,False,10.074707285513329,10.074707285513329,0.45636677715067125,1,False,0.18902441298650979,0.0
30,0.05,102,0.79604678402552298,6.5915682298705829e-85,1,weakest,False,0.79767759204643918,0.56664742855521599,0.34601426069975416,1,False,0.25602457447476301,0.05
30,0.05,103,0.66330164275186487,1.0,1,weakest,False,10.062513131438463,10.062513131438463,0.43262077512742814,1,False,0.20243519985373568,0.0
30,0.05,103,0.79363331418872396,4.620629980877255e-86,1,weakest,False,0.81423543203600135,0.59651078909530919,0.34290699447260253,1,False,0.25654943101186584,0.05
30,0.05,104,0.66816735118959292,1.0,1,weakest,False,10.063750128048628,10.063750128048628,0.4450327598078197,1,False,0.19838240398008974,0.0
30,0.05,104,0.79575431901459392,3.2138331598801208e-87,1,weakest,False,0.8282411648986755,0.57170706762047241,0.3854942447014858,1,False,0.23691281712408199,0.05
30,0.05,105,0.66539152485614161,1.0,1,weakest,False,10.053572838167229,10.053572838167229,0.47237916269997027,1,False,0.18382314699099506,0.0
30,0.05,105,0.79679967324532885,2.2255443275334437e-88,1,weakest,False,0.81928763009205574,0.57311022557397873,0.37396621271076069,1,False,0.24055102981877288,0.05
30,0.05,106,0.66377391644416417,1.0,1,weakest,False,10.061206198152659,10.061206198152659,0.45983502423070843,1,False,0.18292374825940944,0.0
30,0.05,106,0.79518752449501473,1.5315931733581518e-89,1,weakest,False,0.82352750528671936,0.56127301638321114,0.42583785005571795,1,False,0.21782832485545409,0.05
30,0.05,107,0.65952265775126206,1.0,1,weakest,False,10.068058348827945,10.068058348827945,0.54457803947675021,1,False,0.15404726034880029,0.0
30,0.05,107,0.78730734193547258,1.0125323144040574e-90,1,weakest,False,0.80184988784263733,0.5293436169105995,0.35699653591928132,1,False,0.25087784739648822,0.05
30,0.05,108,0.65213317550417327,1.0,1,weakest,False,10.075147623678665,10.075147623678665,0.45590175480220108,1,False,0.18794719393959169,0.0
30,0.05,108,0.78661758728910192,6.535546430571447e-92,1,weakest,False,0.77891528079206895,0.52171669218685957,0.43951921887507822,1,False,0.21238928000010493,0.05
30,0.05,109,0.66362639913592036,1.0,1,weakest,False,10.077680522049548,10.077680522049548,0.48285612919714438,1,False,0.18340791951223731,0.0
30,0.05,109,0.79104224162494585,4.2976998401144847e-93,1,weakest,False,0.7984699644317329,0.52692329620646694,0.39416200955867914,1,False,0.23426797840496671,0.05
30,0.05,110,0.65719410818877366,1.0,1,weakest,False,10.068417885983397,10.068417885983397,0.42397722366916535,1,False,0.20652936527390375,0.0
30,0.05,110,0.79024957926030892,2.8163888705867532e-94,1,weakest,False,0.79709514573526619,0.52252144609004192,0.36768792265382766,1,False,0.24395516391049343,0.05
30,0.05,111,0.65315577351309084,1.0,1,weakest,False,10.078954853420917,10.078954853420917,0.4000405068985175,1,False,0.21761262351921695,0.0
30,0.05,111,0.79121983447390298,1.8371795733697118e-95,1,weakest,False,0.79777497666670194,0.51716062551544384,0.37966315853912669,1,False,0.23645947199971695,0.05
30,0.05,112,0.6544917798512726,1.0,1,weakest,False,10.086973850436253,10.086973850436253,0.52014633922108822,1,False,0.16954597331008725,0.0
30,0.05,112,0.79107222767983365,1.1805096761939665e-96,1,weakest,False,0.78429765030357024,0.51201223758774306,0.43994068793116697,1,False,0.21224555620935823,0.05
30,0.05,113,0.65119445404436116,1.0,1,weakest,False,10.094259884593594,10.094259884593594,0.45215291282529363,1,False,0.19521353492964838,0.0
30,0.05,113,0.79576796515088044,7.3622690842316328e-98,1,weakest,False,0.7601177084501064,0.49894283082720492,0.43783470673130015,1,False,0.21449014884157774,0.05
30,0.05,114,0.64795827746706747,1.0,1,weakest,False,10.089978672106005,10.089978672106005,0.49315868809256197,1,False,0.18514310451680766,0.0
30,0.05,114,0.79068019895347852,4.6052259225776267e-99,1,weakest,False,0.75497077139350399,0.50732026435685429,0.36461436706175482,1,False,0.24590164168078382,0.05
30,0.05,115,0.65610784413971446,1.0,1,weakest,False,10.088402648810399,10.088402648810399,0.50185599195009134,1,False,0.17991845366183257,0.0
30,0.05,115,0.79161862943923167,2.8314537976630029e-100,1,weakest,False,0.74414430906109952,0.4963961757079714,0.40358381051984504,1,False,0.22801498060699635,0.05
30,0.05,116,0.65579351798502827,1.0,1,weakest,False,10.092123073663135,10.092123073663135,0.48373189753756618,1,False,0.18994919705721802,0.0
30,0.05,116,0.79077067424873781,1.7242515910746081e-101,1,weakest,False,0.72579857531770842,0.50334804056187843,0.3831206341844639,1,False,0.24006291287968465,0.05
30,0.05,117,0.65420579924760114,1.0,1,weakest,False,10.081358636709648,10.081358636709648,0.44366129318183056,1,False,0.20281456696916331,0.0
30,0.05,117,0.78823934939340501,1.0963573877532671e-102,1,weakest,False,0.76111387737993441,0.52092316143275896,0.34000514917879537,1,False,0.25763558174702605,0.05
30,0.05,118,0.65579581992098301,1.0,1,weakest,False,10.086838899898781,10.086838899898781,0.45376815426282002,1,False,0.19622398549948741,0.0
30,0.05,118,0.7864401016570407,6.9109080789472048e-104,1,weakest,False,0.75516072204828588,0.51649060667039892,0.40835282845564541,1,False,0.22546352328856198,0.05
30,0.05,119,0.64826344909140654,1.0,1,weakest,False,10.081379463584527,10.081379463584527,0.45956970189276858,1,False,0.19108857797247392,0.0
30,0.05,119,0.79313227502963257,4.2829792268650812e-105,1,weakest,False,0.74283266400346526,0.50673796629363099,0.38589040028336857,1,False,0.2361648334884548,0.05
30,0.05,120,0.64792090240359224,1.0,1,weakest,False,10.088694627808911,10.088694627808911,0.46717443274675208,1,False,0.19300638212020621,0.0
30,0.05,120,0.7947075009837522,2.6148121502997121e-106,1,weakest,False,0.74733613441404634,0.4845186048286183,0.36773144352024884,1,False,0.24435143722464572,0.05
30,0.05,121,0.64652958541136729,1.0,1,weakest,False,10.095778170984024,10.095778170984024,0.51218135265025444,1,False,0.1797155263698979,0.0
30,0.05,121,0.79154199440676465,1.5893575197284709e-107,1,weakest,False,0.75274748238595912,0.47455299131918421,0.3728040562768879,1,False,0.24223465859802301,0.05
30,0.05,122,0.65475635348531636,1.0,1,weakest,False,10.093420348492881,10.093420348492881,0.48575940991625943,1,False,0.1894229608582188,0.0
30,0.05,122,0.7901351141467603,9.6885084198884255e-109,1,weakest,False,0.74689039967227322,0.48367209892216662,0.35147969460139777,1,False,0.25243153794241147,0.05
30,0.05,123,0.6541483720266501,1.0,1,weakest,False,10.091289940325781,10.091289940325781,0.40415042532091527,1,False,0.22250179802380413,0.0
30,0.05,123,0.78977595024394309,5.9306174886268438e-110,1,weakest,False,0.74103193873798956,0.49440241315968741,0.37240728951124547,1,False,0.24306499438357412,0.05
30,0.05,124,0.65236986335929359,1.0,1,weakest,False,10.086335997414089,10.086335997414089,0.50228641575723876,1,False,0.18583843124523494,0.0
30,0.05,124,0.79167042509293029,3.6781354564078066e-111,1,weakest,False,0.7498957944742739,0.50120192438808076,0.403721009598277,1,False,0.2283443837898787,0.05
30,0.05,125,0.65273691038014725,1.0,1,weakest,False,10.092414863791817,10.092414863791817,0.41923789795173066,1,False,0.21523091579853065,0.0
30,0.05,125,0.80010716015153716,2.2892086515965532e-112,1,weakest,False,0.76536745537639983,0.49090185256571101,0.40910332824704027,1,False,0.22817531860796458,0.05
30,0.05,126,0.65943654778727434,1.0,1,weakest,False,10.087540592044414,10.087540592044414,0.45877565701222162,1,False,0.19809375524009135,0.0
30,0.05,126,0.79757690610787946,1.4108469691109227e-113,1,weakest,False,0.76143663550760765,0.48196038381988043,0.33157057933246303,1,False,0.26205005276683374,0.05
30,0.05,127,0.64907943386113998,1.0,1,weakest,False,10.082589646120569,10.082589646120569,0.48460652385003933,1,False,0.18773350644871009,0.0
30,0.05,127,0.78878193842319388,8.6387870945817649e-115,1,weakest,False,0.7521038595813555,0.48263452412526281,0.3771553088354937,1,False,0.24157057482392955,0.05
30,0.05,128,0.65142984742814858,1.0,1,weakest,False,10.095900789416376,10.095900789416376,0.45533118608667211,1,False,0.20214621202598129,0.0
30,0.05,128,0.79306119817846554,5.0872620894135306e-116,1,weakest,False,0.71806286468634217,0.47100436852956346,0.383382770949664,1,False,0.23576943269010209,0.05
30,0.05,129,0.65310216487365158,1.0,1,weakest,False,10.101277298392622,10.101277298392622,0.4981397337548446,1,False,0.18812494041628167,0.0
30,0.05,129,0.79471776234496827,2.9460350261760636e-117,1,weakest,False,0.70354633069310812,0.46638422162142495,0.38408582612027409,1,False,0.23581669465805011,0.05
30,0.05,130,0.64908313394570616,1.0,1,weakest,False,10.098320188293016,10.098320188293016,0.46044603216466146,1,False,0.20159554063016266,0.0
30,0.05,130,0.79676460178123987,1.7007238314145916e-118,1,weakest,False,0.69689166038755146,0.46904517667560863,0.38062063213098585,1,False,0.24020008614832822,0.05
30,0.05,131,0.65483361433122278,1.0,1,weakest,False,10.095460520515095,10.095460520515095,0.40135530184798973,1,False,0.22681125995216597,0.0
30,0.05,131,0.79659553683632134,9.6008091752566745e-120,1,weakest,False,0.68577153220467479,0.4540324524691331,0.38934845188571743,1,False,0.23533524983628229,0.05
30,0.05,132,0.65066493549908322,1.0,1,weakest,False,10.091560388349384,10.091560388349384,0.46674687454633867,1,False,0.20192382615195834,0.0
30,0.05,132,0.79601666574046648,5.3663027174207633e-121,1,weakest,False,0.68038241793921539,0.44773849242284741,0.41282685935524449,1,False,0.22493601836521152,0.05
30,0.05,133,0.64758606914359707,1.0,1,weakest,False,10.097349713815957,10.097349713815957,0.41438776613770723,1,False,0.22180674793817323,0.0
30,0.05,133,0.7887951465199996,3.0280568444552536e-122,1,weakest,False,0.68981418401291583,0.44971709186986969,0.37703262236071139,1,False,0.24374239184451194,0.05
30,0.05,134,0.65146109235413441,1.0,1,weakest,False,10.099142267677779,10.099142267677779,0.49482751607327391,1,False,0.19157892840283175,0.0
30,0.05,134,0.79592615047270066,1.6850486003659167e-123,1,weakest,False,0.6948198689859314,0.42917128555318773,0.41277209799426873,1,False,0.22611211395969191,0.05
30,0.05,135,0.6508342668669661,1.0,1,weakest,False,10.093535353350218,10.093535353350218,0.40290039571940378,1,False,0.22347516544485777,0.0
30,0.05,135,0.7969052246929601,9.1100728789700862e-125,1,weakest,False,0.67156862272353457,0.41982829788176473,0.38169311852284599,1,False,0.23758311372597435,0.05
30,0.05,136,0.6525218749528402,1.0,1,weakest,False,10.092497596558006,10.092497596558006,0.54916511278996827,1,False,0.17332631906468188,0.0
30,0.05,136,0.79373118576454271,5.0766559369924453e-126,1,weakest,False,0.6879302241471702,0.43689366087186049,0.34157584648730538,1,False,0.2576390658242253,0.05
30,0.05,137,0.64485916331574911,1.0,1,weakest,False,10.1072828364141,10.1072828364141,0.51655151572588998,1,False,0.18243014070771041,0.0
30,0.05,137,0.78968498720992208,2.7366966349955333e-127,1,weakest,False,0.66961487380123852,0.42010116252914487,0.37536449591439375,1,False,0.24076318600808497,0.05
30,0.05,138,0.65098063820123153,1.0,1,weakest,False,10.099470376129512,10.099470376129512,0.48752655606806738,1,False,0.19578875941188278,0.0
30,0.05,138,0.79551484042490928,1.466955875940839e-128,1,weakest,False,0.65671093699463334,0.42601611595676564,0.38380058247895354,1,False,0.23757601358787292,0.05
30,0.05,139,0.64907749873205733,1.0,1,weakest,False,10.103947385974871,10.103947385974871,0.47746472758184638,1,False,0.1965162068970128,0.0
30,0.05,139,0.78428869653692279,7.8891037069497716e-130,1,weakest,False,0.66171331642953346,0.42504178077332888,0.39577260417266297,1,False,0.23206059286937358,0.05
30,0.05,140,0.64634978292776368,1.0,1,weakest,False,10.103796947262841,10.103796947262841,0.41870225149522416,1,False,0.2174951213778436,0.0
30,0.05,140,0.78724773448342622,4.0633780101374755e-131,1,weakest,False,0.63315613740578391,0.40766035733074235,0.36473192199931292,1,False,0.24829399400582983,0.05
30,0.05,141,0.64815188268692048,1.0,1,weakest,False,10.100158687059569,10.100158687059569,0.49301287743930167,1,False,0.18529129458679877,0.0
30,0.05,141,0.7983573226813363,2.1312829305741625e-132,1,weakest,False,0.64570901853834339,0.4138180917681924,0.32664816728288726,1,False,0.26525088404442909,0.05
30,0.05,142,0.65763106465110732,1.0,1,weakest,False,10.101959136144377,10.101959136144377,0.5031089966947474,1,False,0.17902062083067719,0.0
30,0.05,142,0.79626383641463083,1.1091527324881254e-133,1,weakest,False,0.63873269369569985,0.41271058664994797,0.4001185261304982,1,False,0.23072215080239017,0.05
30,0.05,143,0.6469456867737734,1.0,1,weakest,False,10.100585247889088,10.100585247889088,0.48616889887938103,1,False,0.18045114012539029,0.0
30,0.05,143,0.79228729030917067,5.5473926167651037e-135,1,weakest,False,0.60898324478898813,0.4013719639738651,0.33567764036150372,1,False,0.26063317986285112,0.05
30,0.05,144,0.65048782295289442,1.0,1,weakest,False,10.109829497974607,10.109829497974607,0.51283891838695184,1,False,0.16954419668860762,0.0
30,0.05,144,0.78871120170360731,2.7901959770356845e-136,1,weakest,False,0.60817731773496275,0.40881958666712137,0.37035950273420581,1,False,0.2418751928819084,0.05
30,0.05,145,0.65257736212592776,1.0,1,weakest,False,10.113412406295986,10.113412406295986,0.42585336463641049,1,False,0.19803521919979966,0.0
30,0.05,145,0.79368779068994955,1.3849450719087496e-137,1,weakest,False,0.59816469246646631,0.40581644631798686,0.40219891825124504,1,False,0.22988329123828047,0.05
30,0.05,146,0.65759323798511116,1.0,1,weakest,False,10.105358820710963,10.105358820710963,0.44500159969246317,1,False,0.19420798621739527,0.0
30,0.05,146,0.78910170008061231,7.0270909064064565e-139,1,weakest,False,0.6050028338855733,0.42047141076621808,0.40628690336852541,1,False,0.22892158015187963,0.05
30,0.05,147,0.65366985038493186,1.0,1,weakest,False,10.105433569297544,10.105433569297544,0.45264651324414179,1,False,0.19111314309110464,0.0
30,0.05,147,0.79157326523519378,3.5342974484195152e-140,1,weakest,False,0.59929982397799897,0.41721208841465363,0.3667274822107725,1,False,0.24573879540299742,0.05
30,0.05,148,0.6536995071178805,1.0,1,weakest,False,10.104174600646727,10.104174600646727,0.51366434161280006,1,False,0.16860186801793975,0.0
30,0.05,148,0.78898581126606493,1.7939072360416147e-141,1,weakest,False,0.59352228090996462,0.43219511808449246,0.37248899567533184,1,False,0.24326791865571204,0.05
30,0.05,149,0.65569034622826528,1.0,1,weakest,False,10.10575803657267,10.10575803657267,0.49386445215036695,1,False,0.17407771962416246,0.0
30,0.05,149,0.79154680667830069,9.1378515166781216e-143,1,weakest,False,0.59774396973230282,0.43179551309450592,0.35418463835790859,1,False,0.2531943189841569,0.05
30,0.05,150,0.65821418109165319,1.0,1,weakest,False,10.103858750338397,10.103858750338397,0.48665083657314723,1,False,0.17638803607129841,0.0
30,0.05,150,0.79397601381066596,4.656831152918173e-144,1,weakest,False,0.61276185484839762,0.41706368143620814,0.39082159035248476,1,False,0.23556993001025284,0.05
30,0.05,151,0.65890964098043614,1.0,1,weakest,False,10.104767023555144,10.104767023555144,0.56371560681655664,1,False,0.1516875624101503,0.0
30,0.05,151,0.7904627450624272,2.3170095056646579e-145,1,weakest,False,0.60119380142778511,0.4043329388506352,0.35429782832905443,1,False,0.25260291123721951,0.05
30,0.05,152,0.65839061900745122,1.0,1,weakest,False,10.106355053668269,10.106355053668269,0.49523459144186377,1,False,0.17290755275047917,0.0
30,0.05,152,0.79097579130714402,1.1250452049223439e-146,1,weakest,False,0.58729096836477424,0.39415569938297423,0.37057104071557734,1,False,0.24681985235225884,0.05
30,0.05,153,0.65878790806677168,1.0,1,weakest,False,10.103878662202543,10.103878662202543,0.47099137804606478,1,False,0.18197279717358186,0.0
30,0.05,153,0.79500066399350988,5.2815274701924743e-148,1,weakest,False,0.58030101713278825,0.36835264543000212,0.34570703601567526,1,False,0.25729387416626781,0.05
30,0.05,154,0.65516548444011558,1.0,1,weakest,False,10.109137186076735,10.109137186076735,0.45030213325324708,1,False,0.18454086275468262,0.0
30,0.05,154,0.79236474045394356,2.4611989621447861e-149,1,weakest,False,0.57317371947028251,0.36900060759592146,0.4122555126541006,1,False,0.22477857061952206,0.05
30,0.05,155,0.65679111691529668,1.0,1,weakest,False,10.112110064466284,10.112110064466284,0.49463851232060724,1,False,0.16735190549625559,0.0
30,0.05,155,0.79194583312688238,1.1668673126015955e-150,1,weakest,False,0.58062757559512934,0.37821328832046214,0.35719433949873314,1,False,0.25230505492949268,0.05
30,0.05,156,0.66416397187537168,1.0,1,weakest,False,10.101671348653731,10.101671348653731,0.53828176504313285,1,False,0.15503051807884896,0.0
30,0.05,156,0.79789451452324878,5.5016012659857955e-152,1,weakest,False,0.56466567618575769,0.38789109321105447,0.43062742912112723,1,False,0.21530726296145625,0.05
30,0.05,157,0.66872928248499364,1.0,1,weakest,False,10.101808225816091,10.101808225816091,0.50150018538622276,1,False,0.16677978282576844,0.0
30,0.05,157,0.79246184695445343,2.6076313739881468e-153,1,weakest,False,0.57205667362400481,0.38554787785486599,0.3758409318574561,1,False,0.24088189701159854,0.05
30,0.05,158,0.66348138272257251,1.0,1,weakest,False,10.105750090800118,10.105750090800118,0.39809708251319892,1,False,0.20852555499947328,0.0
30,0.05,158,0.79712296978225927,1.2390297808826006e-154,1,weakest,False,0.57489886926658584,0.3854612065909237,0.42997680979037944,1,False,0.21897174574560066,0.05
30,0.05,159,0.65884791755232419,1.0,1,weakest,False,10.099538445217272,10.099538445217272,0.48065192314414323,1,False,0.17381456499772857,0.0
30,0.05,159,0.79416996562886233,5.9728936313323517e-156,1,weakest,False,0.57765108130827425,0.39606996704076763,0.37592896770404832,1,False,0.24061125061850938,0.05
30,0.05,160,0.66095716774486679,1.0,1,weakest,False,10.107073331816652,10.107073331816652,0.44577996906253448,1,False,0.18427213613055624,0.0
30,0.05,160,0.79919808171929951,2.9176204216857786e-157,1,weakest,False,0.58468309517561101,0.40273122614074153,0.38749656274627603,1,False,0.23581093015558371,0.05
30,0.05,161,0.65916282256573477,1.0,1,weakest,False,10.098659934116091,10.098659934116091,0.40720617913353885,1,False,0.1983009269382538,0.0
30,0.05,161,0.79022760707597173,1.4478557305549919e-158,1,weakest,False,0.60335693174641503,0.39892578795623557,0.43447647874946482,1,False,0.2136499431581175,0.05
30,0.05,162,0.66080158748592621,1.0,1,weakest,False,10.107745721329692,10.107745721329692,0.51905600438670063,1,False,0.15911505112592511,0.0
30,0.05,162,0.79635912474298065,7.0549381904447318e-160,1,weakest,False,0.58689546338672294,0.39814081894202574,0.40246646158376298,1,False,0.22858020984625843,0.05
30,0.05,163,0.65565791294487774,1.0,1,weakest,False,10.110031405534533,10.110031405534533,0.43957526119331558,1,False,0.1892086386448848,0.0
30,0.05,163,0.79746059061942065,3.3969555646646697e-161,1,weakest,False,0.57759644099834018,0.3960003933007894,0.36093779626851225,1,False,0.24989130152797018,0.05
30,0.05,164,0.66620901633741469,1.0,1,weakest,False,10.108140984611991,10.108140984611991,0.45964858967468791,1,False,0.18459215464307815,0.0
30,0.05,164,0.78969066625559092,1.6241622293285763e-162,1,weakest,False,0.58013663263722293,0.38645009382504047,0.32649907887209184,1,False,0.2629485667897361,0.05
30,0.05,165,0.66247578971164867,1.0,1,weakest,False,10.10509427062007,10.10509427062007,0.44386377860007964,1,False,0.19133431625904848,0.0
30,0.05,165,0.79084743579598149,7.478119709503713e-164,1,weakest,False,0.56436449175322123,0.36617191978192692,0.34323053638322432,1,False,0.25653286986839402,0.05
30,0.05,166,0.6647307169817257,1.0,1,weakest,False,10.107209686075766,10.107209686075766,0.43947430195340875,1,False,0.18964442137158297,0.0
30,0.05,166,0.79395930607359722,3.4265884914323025e-165,1,weakest,False,0.55891344559325495,0.36734207681529862,0.41419708488221957,1,False,0.22576981498184351,0.05
30,0.05,167,0.66242672621541543,1.0,1,weakest,False,10.10538619659113,10.10538619659113,0.40076474858285788,1,False,0.20238576666708863,0.0
30,0.05,167,0.7965440716780855,1.6303472844412839e-166,1,weakest,False,0.5692504932660023,0.39236418471688966,0.41438462954216509,1,False,0.22335562449442325,0.05
30,0.05,168,0.66888504546181382,1.0,1,weakest,False,10.104728225531147,10.104728225531147,0.45598569112771398,1,False,0.18230182604542489,0.0
30,0.05,168,0.79704416728558614,7.7803703721460326e-168,1,weakest,False,0.56941143014639384,0.3950276050798055,0.33868591440136347,1,False,0.26145334360505845,0.05
30,0.05,169,0.66921304821164262,1.0,1,weakest,False,10.099845009487572,10.099845009487572,0.46608222346863259,1,False,0.17701408593940612,0.0
30,0.05,169,0.79523463505646497,3.7593077051178936e-169,1,weakest,False,0.58832342722030728,0.38768217016336676,0.38870026032534605,1,False,0.23548019342544124,0.05
30,0.05,170,0.67576340370586185,1.0,1,weakest,False,10.089512366941417,10.089512366941417,0.45840829015671486,1,False,0.18296305197711404,0.0
30,0.05,170,0.79187395653489701,1.7937570036960434e-170,1,weakest,False,0.57811201969849124,0.38473193411993922,0.31310355552618019,1,False,0.27256652875424264,0.05
30,0.05,171,0.66741571122667298,1.0,1,weakest,False,10.075334668405542,10.075334668405542,0.45814971320039422,1,False,0.1859977528592161,0.0
30,0.05,171,0.79454382990005168,8.7777036652278743e-172,1,weakest,False,0.58903571987026748,0.39703209048568761,0.43019695050989543,1,False,0.21886241592158931,0.05
30,0.05,172,0.66617122086666236,1.0,1,weakest,False,10.093716916003034,10.093716916003034,0.47980867451234527,1,False,0.18292191408144554,0.0
30,0.05,172,0.79436413463967714,4.1647467052915637e-173,1,weakest,False,0.58136912568744958,0.37646166635895822,0.36782200220957245,1,False,0.24849155800939335,0.05
30,0.05,173,0.66961577739602118,1.0,1,weakest,False,10.096314021282826,10.096314021282826,0.45149597312478623,1,False,0.19634514408057505,0.0
30,0.05,173,0.79604064811551811,1.9407028638169451e-174,1,weakest,False,0.56384234297092251,0.37710062050887128,0.39809543873605074,1,False,0.23043719897621256,0.05
30,0.05,174,0.66587984629610886,1.0,1,weakest,False,10.098812116334873,10.098812116334873,0.52329729472470921,1,False,0.16653113797922822,0.0
30,0.05,174,0.79732003043580024,9.0534522715188812e-176,1,weakest,False,0.56293110771239974,0.37929570298496751,0.37027270335951518,1,False,0.24463794743771786,0.05
30,0.05,175,0.65601131659369927,1.0,1,weakest,False,10.109568302344371,10.109568302344371,0.50036026538385303,1,False,0.1732289676249989,0.0
30,0.05,175,0.79362880077389319,4.2044146672502213e-177,1,weakest,False,0.56128573538691684,0.37768905511725054,0.38981897026830081,1,False,0.23459367655771504,0.05
30,0.05,176,0.6665473185194063,1.0,1,weakest,False,10.109216157325337,10.109216157325337,0.51863793182911933,1,False,0.1615237706744089,0.0
30,0.05,176,0.79426162537907274,1.9538546821515115e-178,1,weakest,False,0.55477220056846654,0.3848087344771251,0.38328321613772809,1,False,0.23885699587765299,0.05
30,0.05,177,0.66617381766864492,1.0,1,weakest,False,10.109422467813392,10.109422467813392,0.4727623953456227,1,False,0.17993070399924835,0.0
30,0.05,177,0.79058224355586004,8.9297272149186674e-180,1,weakest,False,0.54967002252707409,0.37439445128053483,0.36711538254890597,1,False,0.24513570158325323,0.05
30,0.05,178,0.66761762651608436,1.0,1,weakest,False,10.099883732228715,10.099883732228715,0.43261074468705846,1,False,0.19679644471365892,0.0
30,0.05,178,0.79791210010392921,4.1386610746382316e-181,1,weakest,False,0.55348270418834222,0.38271600949941076,0.37314490740388073,1,False,0.24412986876179293,0.05
30,0.05,179,0.66572923454433808,1.0,1,weakest,False,10.099910890068886,10.099910890068886,0.44838870530038233,1,False,0.1915052050875195,0.0
30,0.05,179,0.79997424511159931,1.913920822602468e-182,1,weakest,False,0.56063195459651949,0.37350734361223636,0.38732235580456309,1,False,0.23613019965118198,0.05
30,0.05,180,0.66867755651445304,1.0,1,weakest,False,10.100137445586267,10.100137445586267,0.47150100938183148,1,False,0.18260997458798309,0.0
30,0.05,180,0.79120196780722241,8.7523234066878739e-184,1,weakest,False,0.5555991625395359,0.3681555542890031,0.33972577621062544,1,False,0.25929605717394189,0.05
30,0.05,181,0.67541703085445592,1.0,1,weakest,False,10.101023550384344,10.101023550384344,0.5347534445405292,1,False,0.15867651946491926,0.0
30,0.05,181,0.7976801648866807,3.8327720860262874e-185,1,weakest,False,0.5401539074666154,0.34452366453956063,0.39057259045674764,1,False,0.2362825540839987,0.05
30,0.05,182,0.67515911460242062,1.0,1,weakest,False,10.092832489777409,10.092832489777409,0.4352201437467198,1,False,0.19459997867081696,0.0
30,0.05,182,0.79233703929994737,1.7152930768791833e-186,1,weakest,False,0.54806572451701663,0.35530996844077983,0.40022995364956876,1,False,0.22829073036922304,0.05
30,0.05,183,0.66555794887182973,1.0,1,weakest,False,10.090086832937367,10.090086832937367,0.47814055140671502,1,False,0.1762750541553344,0.0
30,0.05,183,0.79310931193592782,7.9267732023614687e-188,1,weakest,False,0.55570961955298781,0.37686372310105848,0.38511491024148603,1,False,0.23684532232234368,0.05
30,0.05,184,0.6665133274305729,1.0,1,weakest,False,10.098712827808571,10.098712827808571,0.48065718820926367,1,False,0.17795617136980657,0.0
30,0.05,184,0.78752993850742414,3.6812229864905977e-189,1,weakest,False,0.55503104674758497,0.38294492018487053,0.38273375440358465,1,False,0.24031720517347094,0.05
30,0.05,185,0.6737353517725736,1.0,1,weakest,False,10.099730138808205,10.099730138808205,0.48199432680023147,1,False,0.17555592523051924,0.0
30,0.05,185,0.79233451353109174,1.662992394366927e-190,1,weakest,False,0.55028757648359883,0.36222299229388821,0.34171503257415198,1,False,0.2569539717983213,0.05
30,0.05,186,0.67175492794350344,1.0,1,weakest,False,10.092159810229218,10.092159810229218,0.48963294333032509,1,False,0.17256939866300494,0.0
30,0.05,186,0.78492521674583304,7.7178925957359241e-192,1,weakest,False,0.55956092568360327,0.37718665943091828,0.34793153035438834,1,False,0.2527288498091716,0.05
30,0.05,187,0.66666650372057823,1.0,1,weakest,False,10.096773767820482,10.096773767820482,0.50127175502361931,1,False,0.16746341331556516,0.0
30,0.05,187,0.79046523062350738,3.3979112235947766e-193,1,weakest,False,0.53876105647226336,0.35028839536202133,0.3814594575098062,1,False,0.23842814769484177,0.05
30,0.05,188,0.66220755177281176,1.0,1,weakest,False,10.110212580044838,10.110212580044838,0.47669235895104606,1,False,0.177213921163065,0.0
30,0.05,188,0.79195162582096923,1.4803897283901972e-194,1,weakest,False,0.54625046977210445,0.33470573363956263,0.3598894096382062,1,False,0.24833583124781713,0.05
30,0.05,189,0.66298121245912622,1.0,1,weakest,False,10.111064192939132,10.111064192939132,0.40302183314908036,1,False,0.20767409394252601,0.0
30,0.05,189,0.79348467917284093,6.4242362709582936e-196,1,weakest,False,0.54628266600533371,0.33126821239614529,0.39497673141917922,1,False,0.23080929005515669,0.05
30,0.05,190,0.6648301733921228,1.0,1,weakest,False,10.107071925970024,10.107071925970024,0.5140827397245944,1,False,0.16387977280992344,0.0
30,0.05,190,0.79296437449640156,2.7796391906938004e-197,1,weakest,False,0.54662858586647545,0.32799719200506616,0.35509164841224167,1,False,0.25111147095954611,0.05
30,0.05,191,0.67151143517739253,1.0,1,weakest,False,10.098230020065166,10.098230020065166,0.46216422442333788,1,False,0.18027967372330508,0.0
30,0.05,191,0.79079365724296946,1.2149592347658948e-198,1,weakest,False,0.54622271541395195,0.33654925432547472,0.39072092690561233,1,False,0.23412973937115861,0.05
30,0.05,192,0.66723570358118678,1.0,1,weakest,False,10.095740720334222,10.095740720334222,0.49398490720333138,1,False,0.17158931708682762,0.0
30,0.05,192,0.79554371470532692,5.3034515445036835e-200,1,weakest,False,0.54709253724529683,0.33429130155456366,0.37906304658456635,1,False,0.24254627666898762,0.05
30,0.05,193,0.67417687760401013,1.0,1,weakest,False,10.10112946131388,10.10112946131388,0.45250238850295504,1,False,0.18568291412347368,0.0
30,0.05,193,0.79528152343391967,2.3014332955164057e-201,1,weakest,False,0.54101439969617282,0.33566281586854496,0.418460488914141,1,False,0.2210835358660343,0.05
30,0.05,194,0.66813383142073424,1.0,1,weakest,False,10.103159625614659,10.103159625614659,0.454124039713452,1,False,0.1862486973465706,0.0
30,0.05,194,0.79372784213696268,9.9678471666654144e-203,1,weakest,False,0.54201005743072839,0.33315544264912034,0.4058447633301886,1,False,0.22440348628921294,0.05
30,0.05,195,0.66779168586459259,1.0,1,weakest,False,10.105508171549461,10.105508171549461,0.52083301131681092,1,False,0.16462453051764139,0.0
30,0.05,195,0.79512953040245049,4.2014834211662462e-204,1,weakest,False,0.53342231019569775,0.31847929574412887,0.39223796420460655,1,False,0.23088103891133846,0.05
30,0.05,196,0.6605804843235773,1.0,1,weakest,False,10.107442171196157,10.107442171196157,0.51450075096109216,1,False,0.16913946580367506,0.0
30,0.05,196,0.7966214475439537,1.8469862104684482e-205,1,weakest,False,0.54637720260275069,0.34227589640791389,0.36720446129361317,1,False,0.24310454152232053,0.05
30,0.05,197,0.67362311621786286,1.0,1,weakest,False,10.114731779552711,10.114731779552711,0.49345977848111594,1,False,0.18036411376189326,0.0
30,0.05,197,0.79284269606720781,8.0148563947405307e-207,1,weakest,False,0.54054524323954523,0.33729696505579593,0.42239964298454025,1,False,0.21434336183365402,0.05
30,0.05,198,0.67496928952685975,1.0,1,weakest,False,10.101180001912153,10.101180001912153,0.44402388653222813,1,False,0.19655147219377442,0.0
30,0.05,198,0.7921720166214985,3.4277505561958269e-208,1,weakest,False,0.53388389773587297,0.33011973912303705,0.3663260219124635,1,False,0.24452041439611136,0.05
30,0.05,199,0.66753888131212713,1.0,1,weakest,False,10.089783811280023,10.089783811280023,0.48417735225235742,1,False,0.17793464711847592,0.0
30,0.05,199,0.79599925103770885,1.4765739239215979e-209,1,weakest,False,0.5323863634333148,0.33688994063221483,0.41182761204468782,1,False,0.22396201118364495,0.05
